review_rate,accepted_fraction,accepted_error,accepted_error_ci_low,accepted_error_ci_high
0.0,1.0,0.24854761904761905,0.2449047619047619,0.25250059523809526
0.05,0.95,0.2393734335839599,0.23518546365914786,0.24345989974937343
0.1,0.9,0.22743386243386243,0.22306084656084654,0.2314054232804233
0.2,0.8,0.2049702380952381,0.2008013392857143,0.2091674107142857
0.3,0.7,0.1848639455782313,0.180984693877551,0.18942261904761906
0.4,0.6,0.16567460317460317,0.1612281746031746,0.1705188492063492
0.5,0.5,0.14857142857142858,0.1443797619047619,0.15266785714285716
