dataset,n,p,splits,test_error,test_error_se,test_error_ci,low_conflict_error,low_conflict_error_se,low_conflict_error_ci,high_conflict_error,high_conflict_error_se,high_conflict_error_ci,high_res_error,high_res_error_se,high_res_error_ci,low_res_error,low_res_error_se,low_res_error_ci,sef_review_error_30,sef_review_error_30_se,sef_review_error_30_ci,confidence_review_error_30,confidence_review_error_30_se,confidence_review_error_30_ci,hybrid_review_error_30,hybrid_review_error_30_se,hybrid_review_error_30_ci,learned_reject_review_error_30,learned_reject_review_error_30_se,learned_reject_review_error_30_ci,conflict_success_rate
Iris: versicolor vs virginica,100.0,4.0,50.0,0.04857142857142857,0.004414960745466109,0.008653323061113573,0.0,0.0,0.0,0.18444444444444444,0.016376152859084357,0.03209725960380534,0.0,0.0,0.0,0.18888888888888888,0.017169291787923757,0.033651811904330566,0.0,0.0,0.0,0.0,0.0,0.0,0.0,0.0,0.0,0.0176,0.003985279034094329,0.007811146906824886,0.9
Wine: class 1 vs class 2,119.0,13.0,50.0,0.02904761904761904,0.0032829737447656196,0.006434628539740615,0.0,0.0,0.0,0.07818181818181819,0.011324794470956696,0.022196597163075125,0.0,0.0,0.0,0.08181818181818182,0.011396057645963796,0.022336272986089038,0.008,0.0020337291908631067,0.0039861092140916895,0.0,0.0,0.0,0.0,0.0,0.0,0.003333333333333333,0.0017169291787923757,0.0033651811904330566,0.58
Breast cancer: benign vs malignant,569.0,30.0,50.0,0.0253,0.0013356187895580116,0.0026178128275337028,0.0,0.0,0.0,0.0944,0.005331156018144274,0.010449065795562778,0.0,0.0,0.0,0.09399999999999999,0.0054285714285714284,0.01064,0.002,0.00045816212899272744,0.0008979977728257458,0.002857142857142857,0.0004998958658741179,0.0009797958971132711,0.002142857142857143,0.0004676097647914122,0.0009165151389911679,0.010428571428571428,0.0015300679304266578,0.0029989331436362492,1.0
Digits: 3 vs 5,365.0,64.0,50.0,0.0059375,0.000987202874441785,0.0019349176339058987,0.0,0.0,0.0,0.02375,0.00394881149776714,0.007739670535623595,0.0,0.0,0.0,0.02375,0.00394881149776714,0.007739670535623595,0.0,0.0,0.0,0.0,0.0,0.0,0.0,0.0,0.0,0.0015555555555555557,0.0006357137903016122,0.00124599902899116,0.5
