scenario,conditional_variance_mean,conditional_variance_sd,brier_gain_mean,brier_gain_sd,auc_gain_mean,auc_gain_sd,positive_brier_gain_rate
hidden_mass,0.025953089878405326,0.0003265788266376609,0.006746432382576215,0.0008336956054603358,0.02209596097472483,0.0025295798648985357,1.0
identified,0.0,0.0,-3.2442606307636623e-07,2.6913197326877717e-06,-2.4687634942499593e-06,5.870605378082872e-05,0.42
