method,accepted_error,accepted_error_se,accepted_error_ci,runs
no review,0.027214136904761904,0.0017842973023439886,0.0034972227125942175,200
conflict only,0.003330952380952381,0.0006691702341617448,0.0013115736589570197,200
stability only,0.01113968253968254,0.0011452313970962316,0.002244653538308614,200
RES,0.0025357142857142857,0.000567385568743843,0.0011120757147379324,200
confidence,0.0007142857142857143,0.00015190311535892911,0.00029773010610350105,200
confidence + RES,0.0007023809523809524,0.00021134585679303557,0.0004142378793143497,200
