dataset,n,classes,test_error,high_confidence_error,high_confidence_low_conflict_error,high_confidence_high_conflict_error,conflict_gap,split_success_rate,sef_review_error_30,confidence_review_error_30,hybrid_review_error_30
Covertype (7 classes),97950,7,0.32390980952658754,0.18997783222494458,0.06546896873541765,0.30746616892207185,0.24199720018665422,1.0,0.2471936330680445,0.24121005041876745,0.24148506187757826
Digits (10 classes),1797,10,0.033068362480127185,0.0004232804232804233,0.0,0.0016877637130801688,0.0016877637130801688,0.13333333333333333,0.0009826152683295542,0.0009826152683295542,0.0006802721088435375
Iris (3 classes),150,3,0.04465408805031446,0.0,0.0,0.0,0.0,0.0,0.0,0.0,0.0
Wine (3 classes),178,3,0.023809523809523805,0.0,0.0,0.0,0.0,0.0,0.0,0.0,0.0
