dataset,openml_name,n,p_raw,test_error,auc,high_confidence_error,high_confidence_low_conflict_error,high_confidence_high_conflict_error,gap,split_success_rate,sef_error_auc_high_conf,low_confidence_error_auc_high_conf,entropy_error_auc_high_conf
Bank marketing,bank-marketing,45211,16,0.15599342770475227,0.9099172421861828,0.07458038422649141,0.17646107178968656,0.006713852376137513,-0.16974721941354903,0.0,0.20376385969869784,0.46262775697462233,0.14913998937322526
Credit-card default,default-of-credit-card-clients,30000,23,0.31067809523809525,0.7216090447408976,0.21922285714285714,0.2962376237623763,0.16703731911652703,-0.1292003046458492,0.0,0.4229513964482454,0.5555285261040299,0.5049568468268816
German credit,credit-g,1000,20,0.28285714285714286,0.7803179786200194,0.17554285714285714,0.12545454545454546,0.16,0.034545454545454546,0.56,0.5297553950862164,0.6593188545498251,0.6157221392620479
